Symbol	Short	Long
786	786 Invest Ltd	786 Investments Limited
AABS	AL-Abbas Sugar	Al-Abbas Sugar Mills Limited
ABL	Allied Bank Ltd	Allied Bank Limited
ABL-JUL	ABL-JUL	Allied Bank Limited
ABL-JUNB	ABL-JUNB	ABL-JUNB
ABL-MAYB	ABL-MAYB	ABL-MAYB
ABOT	Abbott Lab.	Abbott Laboratories (Pakistan) Limited
ACPL	Attock CementXD	Attock Cement Pakistan Limited
ADOS	Ados Pakistan	Ados Pakistan Limited
AGHA	Agha Steel Ind.	Agha Steel Ind.Ltd
AGHA-JUL	AGHA-JUL	AGHA-JUL
AGHA-JUN	AGHA-JUN	AGHA-JUN
AGHA-MAY	AGHA-MAY	AGHA-MAY
AGIC	Ask.Gen.Insur.XD	Askari General Insurance Company Limited
AGIL	Agriautos Ind.	Agriauto Industries Limited
AGL	Agritech Limited	Agritech Limited
AGL-JUL	AGL-JUL	AGL-JUL
AGL-JUN	AGL-JUN	AGL-JUN
AGL-MAY	AGL-MAY	AGL-MAY
AGP	AGP Limited	AGP Limited
AGP-JUL	AGP-JUL	AGP-JUL
AGP-JUNB	AGP-JUNB	AGP-JUNB
AGP-MAYB	AGP-MAYB	AGP-MAYB
AGSML	Abdullah Shah	Abdullah Shah Ghazi Sugar Mills Limited
AGTL	AL-Ghazi TractorsXD	Al-Ghazi Tractors Limited
AHL	Arif Habib Ltd.	Arif Habib Limited
AICL	Adamjee Ins.	Adamjee Insurance Company Limited
AIRLINK	Air Link Commun	Air Link Communication Limited
AIRLINK-JUL	AIRLINK-JUL	AIRLINK-JUL
AIRLINK-JUN	AIRLINK-JUN	AIRLINK-JUN
AIRLINK-MAY	AIRLINK-MAY	AIRLINK-MAY
AKBL	Askari Bank	Askari Bank Limited
AKBLTFC6	Askari Bank(TFC	Askari Bank(TFC6)
AKDHL	AKD Hospitality	AKD Hospitality Limited
ALAC	Askari Life Ass	Askari Life Assurance Company Limited
ALIFE	Adamjee Life As	Adamjee Life Assurance Company Limited
ALNRS	AL-Noor Sugar	Al-Noor Sugar Mills Limited
ALTN	Altern Energy	Altern Energy Limited
AMBL	Apna Microfin.	Apna Microfinance Bank Limited
ANL	Azgard Nine	Azgard Nine Limited
ANL-JUL	ANL-JUL	Azgard Nine Ltd.
ANL-JUN	ANL-JUN	Azgard Nine Ltd.
ANL-MAY	ANL-MAY	Azgard Nine Ltd.
APL	Attock Petroleum	Attock Petroleum Limited
ARM	Allied Rent.	Allied Rental Modaraba
ARPL	Archroma Pak	Archroma Pakistan Limited
ASC	Al-Shaheer Corp	Al Shaheer Corporation Limited
ASC-JUL	ASC-JUL	ASC-JUL
ASC-JUN	ASC-JUN	ASC-JUN
ASC-MAY	ASC-MAY	ASC-MAY
ASL	Aisha Steel Mill	Aisha Steel Mills Limited
ASL-JUL	ASL-JUL	Aisha Steel Mills Limited
ASL-JUN	ASL-JUN	Aisha Steel Mills Limited
ASL-MAY	ASL-MAY	Aisha Steel Mills Limited
ASTL	Amreli Steels	Amreli Steels Limited
ASTL-JUL	ASTL-JUL	Amreli Steels Limited
ASTL-JUN	ASTL-JUN	Amreli Steels Limited
ASTL-MAY	ASTL-MAY	Amreli Steels Limited
ATBA	Atlas Battery	Atlas Battery Limited
ATLH	Atlas Honda Ltd	Atlas Honda Limited
ATRL	Attock Refinery	Attock Refinery Limited
ATRL-JUL	ATRL-JUL	Attock Refinery Ltd.
ATRL-JUN	ATRL-JUN	Attock Refinery Ltd.
ATRL-MAY	ATRL-MAY	Attock Refinery Ltd.
AVN	Avanceon Ltd	Avanceon Limited
AVN-JUL	AVN-JUL	Avanceon Limited
AVN-JUNB	AVN-JUNB	AVN-JUNB
AVN-MAYB	AVN-MAYB	Avanceon Limited
BAFL	Bank Al-Falah	Bank Alfalah Limited
BAFL-JUL	BAFL-JUL	Bank Al-Falah Ltd.
BAFL-JUN	BAFL-JUN	Bank Al-Falah Ltd.
BAFL-MAY	BAFL-MAY	Bank Alfalah Ltd
BAFLTFC6	Bank Al-Falah(T	Bank Al-Falah(TFC6
BAHL	Bank AL-Habib	Bank AL Habib Limited
BAHL-JUL	BAHL-JUL	Bank AL-Habib Limited
BAHL-JUN	BAHL-JUN	Bank AL-Habib Limited
BAHL-MAY	BAHL-MAY	Bank AL-Habib Limited
BAPL	Bawany Air Products	Bawany Air Products Limited
BCL	Bolan Casting	Bolan Castings Limited
BECO	Beco Steel Ltd	Beco Steel Limited
BERG	Berger Paints	Berger Paints Pakistan Limited
BFMOD	B.F.Modaraba	B.F. Modaraba
BGL	Bal.Glass	Balochistan Glass Limited
BIFO	Biafo Ind.	Biafo Industries Limited
BILF	Bilal Fibres	Bilal Fibres Limited
BIPL	Bankislami Pak.	BankIslami Pakistan Limited
BIPL-JUL	BIPL-JUL	BIPL-JUL
BIPL-JUN	BIPL-JUN	BIPL-JUN
BIPL-MAY	BIPL-MAY	BIPL-MAY
BNL	Bunnys Limited	Bunnys Limited
BOK	Bank Of KhyberXB	The Bank of Khyber
BOP	B.O.Punjab	The Bank of Punjab
BOP-JUL	BOP-JUL	Bank Of Punjab Limited.
BOP-JUN	BOP-JUN	Bank Of Punjab Limited.
BOP-MAY	BOP-MAY	The Bank Of Punjab
BRR	B.R.R.Guardian	B.R.R. Guardian Modaraba
BUXL	Buxly Paints	Buxly Paints Limited
BWCL	Bestway Cement	Bestway Cement Limited
BWHL	Bal.WheelsXD	Baluchistan Wheels Limited
CCM	Crescent Cotton	Crescent Cotton Mills Limited
CEPB	Century Paper	Century Paper & Board Mills Limited
CHCC	Cherat Cement	Cherat Cement Company Limited
CHCC-JUL	CHCC-JUL	Cherat Cement Company Limited
CHCC-JUN	CHCC-JUN	Cherat Cement Company Limited
CHCC-MAY	CHCC-MAY	Cherat Cement Company Limited
CLOV	Clover Pakistan	Clover Pakistan Limited
CLVL	Cordoba Logist	Cordoba Logistics & Ventures Limited
CNERGY	Cnergyico PK	Cnergyico PK  Limited
CNERGY-JUL	CNERGY-JUL	CNERGY-JUL
CNERGY-JUN	CNERGY-JUN	CNERGY-JUN
CNERGY-MAY	CNERGY-MAY	CNERGY-MAY
COLG	Colgate Palm	Colgate-Palmolive (Pakistan) Limited
CPHL	Citi Pharma Ltd	Citi Pharma Ltd.
CPHL-JUL	CPHL-JUL	CPHL-JUL
CPHL-JUN	CPHL-JUN	CPHL-JUN
CPHL-MAY	CPHL-MAY	CPHL-MAY
CPPL	Cherat Pack	Cherat Packaging Limited
CRTM	Crescent Tex.	The Crescent Textile Mills Limited
CSAP	Crescent Steel	Crescent Steel & Allied Products Limited
CSIL	Cres.Star Ins.	Crescent Star Insurance Limited
CTM	Colony Tex.Mills Ltd	Colony Textile Mills Limited
CWSM	Chakwal Spinning	Chakwal Spinning Mills Limited
CYAN	Cyan Limited	Cyan Limited
DAAG	Data Agro      	Data Agro Limited
DADX	Dadex Eternit	Dadex Eternit Limited
DAWH	Dawood HerculesXD	Dawood Hercules Corporation Limited
DCL	Dewan Cement	Dewan Cement Limited
DCL-JUL	DCL-JUL	Dewan Cement Limited
DCL-JUN	DCL-JUN	Dewan Cement Limited
DCL-MAY	DCL-MAY	Dewan Cement Limited
DCR	Dolmen City	Dolmen City REIT
DCR-JUL	DCR-JUL	Dolmen City REIT
DCR-JUNB	DCR-JUNB	DCR-JUNB
DCR-MAYB	DCR-MAYB	DCR-MAYB
DEL	Dawood Equities	Dawood Equities Limited
DFML	Dewan Motors	Dewan Farooque Motors Limited
DFSM	Dewan Farooque Sp.	Dewan Farooque Spinning Mills Limited
DGKC	D.G.K.Cement	D.G. Khan Cement Company Limited
DGKC-JUL	DGKC-JUL	D. G. Khan Cement Co. Limited
DGKC-JUN	DGKC-JUN	D. G. Khan Cement
DGKC-MAY	DGKC-MAY	D. G. Khan Cement Co.
DLL	Dawood Law	Dawood Lawrencepur Limited
DOL	Descon Oxychem	Descon Oxychem Limited
DSIL	D.S. Ind. Ltd.	D.S. Industries Limited
DSL	Dost Steels Ltd.	Dost Steels Limited
DYNO	Dynea Pakistan	Dynea Pakistan Limited
ECOP	ECOPACK Ltd	Ecopack Limited
EFERT	Engro Fert.	Engro Fertilizers Limited
EFERT-JUL	EFERT-JUL	Engro Fertilizer Limited
EFERT-JUNB	EFERT-JUNB	EFERT-JUNB
EFERT-MAYB	EFERT-MAYB	EFERT-MAYB
EMCO	EMCO Industries	Emco Industries Limited
ENGRO	Engro Corp	Engro Corporation Limited
ENGRO-JUL	ENGRO-JUL	Engro Corporation Limited
ENGRO-JUNB	ENGRO-JUNB	ENGRO-JUNB
ENGRO-MAYB	ENGRO-MAYB	Engro Corporation Limited
EPCL	Engro Polymer	Engro Polymer & Chemicals Limited
EPCL-JUL	EPCL-JUL	Engro Polymer & Chemicals Limited
EPCL-JUNB	EPCL-JUNB	EPCL-JUNB
EPCL-MAYB	EPCL-MAYB	EPCL-MAYB
EPCLPS	Engro Poly(Pref)	Engro Poly(Pref)
EPCLSC	Engro Polymer(S	Engro Polymer(SC)
EPQL	Engro Powergen	Engro Powergen Qadirpur Limited
ESBL	Escorts Bank	Escorts Investment Bank Limited
EXIDE	Exide (PAK)	Exide Pakistan Limited
FABL	Faysal Bank	Faysal Bank Limited
FABL-JUL	FABL-JUL	Faysal Bank Limited
FABL-JUN	FABL-JUN	Faysal Bank Limited
FABL-MAY	FABL-MAY	Faysal Bank Limited
FATIMA	Fatima Fert.	Fatima Fertilizer Company Limited
FATIMA-JUL	FATIMA-JUL	Fatima Fert.Co.
FATIMA-JUNB	FATIMA-JUNB	FATIMA-JUNB
FATIMA-MAYB	FATIMA-MAYB	FATIMA-MAYB
FCCL	Fauji Cement	Fauji Cement Company Limited
FCCL-JUL	FCCL-JUL	Fauji Cement Company Ltd.
FCCL-JUN	FCCL-JUN	Fauji Cement Company Ltd.
FCCL-MAY	FCCL-MAY	Fauji Cement Company Ltd.
FCEPL	Frieslandcampina	Frieslandcampina Engro Pakistan Limited
FCEPL-JUL	FCEPL-JUL	Frieslandcampins Engro Foods Limited
FCEPL-JUN	FCEPL-JUN	Frieslandcampins Engro Foods Limited
FCEPL-MAY	FCEPL-MAY	Frieslandcampins Engro Foods Limited
FCIBL	F.Credit & Inv	First Credit and Investment Bank Limited
FCSC	Ist.Capital Sec	First Capital Securities Corporation
FDIBL	Ist.Dawood Bank	First Dawood Investment Bank Limited
FECM	Elite Cap.Mod	First Elite Capital Modaraba
FECTC	Fecto Cement	Fecto Cement Limited
FEROZ	Ferozsons (Lab)	Ferozsons Laboratories Limited
FEROZ-JUL	FEROZ-JUL	FEROZ-JUL
FEROZ-JUN	FEROZ-JUN	FEROZ-JUN
FEROZ-MAY	FEROZ-MAY	FEROZ-MAY
FFBL	Fauji Fert Bin	Fauji Fertilizer Bin Qasim Limited
FFBL-JUL	FFBL-JUL	Fauji Fertilizer Bin Qasim
FFBL-JUN	FFBL-JUN	Fauji Fertilizer Bin Qasim
FFBL-MAY	FFBL-MAY	Fauji Fert Bin Qasim Ltd.
FFC	Fauji Fert.	Fauji Fertilizer Company Limited
FFC-JUL	FFC-JUL	Fauji Fertilizer Company Limited.
FFC-JUNB	FFC-JUNB	FFC-JUNB
FFC-MAYB	FFC-MAYB	Fauji Fertilizer Company
FFL	Fauji Foods LtdXD	Fauji Foods Limited
FFL-JUL	FFL-JUL	Fauji Foods Limited
FFL-JUN	FFL-JUN	Fauji Foods Limited
FFL-MAY	FFL-MAY	Fauji Foods Limited
FHAM	Habib Modaraba	First Habib Modaraba
FLYNG	Flying Cement	Flying Cement Company Limited
FLYNG-JUL	FLYNG-JUL	FLYNG-JUL
FLYNG-JUN	FLYNG-JUN	FLYNG-JUN
FLYNG-MAY	FLYNG-MAY	FLYNG-MAY
FNEL	F. Nat.Equities	First National Equities Limited
FPJM	Punjab Mod	First Punjab Modaraba
FPRM	Paramount Mod	First Paramount Modaraba
FRCL	Frontier Ceram	Frontier Ceramics Limited
FRSM	Faran Sugar	Faran Sugar Mills Limited
FTMM	F.Treet Manuf	First Treet Manufacturing Modaraba
FTSM	Tri-Star 1st. M	First Tri-Star Modaraba
FUDLM	U.D.L.Modaraba	First UDL Modaraba
FZCM	Fazal Cloth	Fazal Cloth Mills Limited
GADT	Gadoon Textile	Gadoon Textile Mills Limited
GAMON	Gammon Pak	Gammon Pakistan Limited
GATI	Gatron Ind.	Gatron (Industries) Limited
GATM	Gul Ahmed	Gul Ahmed Textile Mills Limited
GATM-JUL	GATM-JUL	Gul Ahmed Textile Mills Ltd.
GATM-JUN	GATM-JUN	Gul Ahmed Textile Mills Ltd.
GATM-MAY	GATM-MAY	Gul Ahmed Textile Mills Ltd.
GEMPAPL	Pak Agro Pack(Gem)	Pak Agro Packaging Limited(GEM)
GEMSPNL	Supernet Ltd.	Supernet Limited
GEMUNSL	Universal Net (GEM)	Universal Network Systems Limited(GEM)
GFIL	Ghazi Fabrics	Ghazi Fabrics International Limited
GGGL	GhaniGlobalGlass	Ghani Global Glass Limited
GGGL-JUL	GGGL-JUL	GGGL-JUL
GGGL-JUN	GGGL-JUN	GGGL-JUN
GGGL-MAY	GGGL-MAY	GGGL-MAY
GGL	Ghani Glo Hol	Ghani Global Holdings Limited
GGL-JUL	GGL-JUL	GGL-JUL
GGL-JUN	GGL-JUN	GGL-JUN
GGL-MAY	GGL-MAY	GGL-MAY
GHGL	Ghani Glass Ltd	Ghani Glass Limited
GHGL-JUL	GHGL-JUL	GHGL-JUL
GHGL-JUN	GHGL-JUN	GHGL-JUN
GHGL-MAYB	GHGL-MAYB	GHGL-MAYB
GHNI	Ghandhara Ind.	Ghandhara Industries Limited
GHNI-JUL	GHNI-JUL	Ghandhara Industries Limited
GHNI-JUN	GHNI-JUN	Ghandhara Industries Limited
GHNI-MAY	GHNI-MAY	Ghandhara Industries Limited
GHNL	Ghand Nissan	Ghandhara Nissan Limited
GLAXO	GlaxoSmithKlineXD	GlaxoSmithKline Pakistan Limited
GLPL	Gillette Pak	Gillette Pakistan Limited
GRYL	Grays Leasing	Grays Leasing Limited
GSKCH	Glaxo Healthcar	GlaxoSmithKline Consumer Healthcare
GTECH	G3 Technologies	G3 Technologies Limited
GTYR	Ghandhara Tyre	Ghandhara Tyre & Rubber Company Limited
GVGL	Ghani Value GlasXD	Ghani Value Glass Limited
GWLC	Gharibwal Cement	Gharibwal Cement Limited
HABSM	Habib Sugar	Habib Sugar Mills Limited
HASCOL	Hascol Petrol	Hascol Petroleum Limited
HBL	Habib Bank	Habib Bank Limited
HBL-JUL	HBL-JUL	Habib Bank Ltd
HBL-JUNB	HBL-JUNB	HBL-JUNB
HBL-MAYB	HBL-MAYB	HBL-MAYB
HCAR	Honda Atlas Cars	Honda Atlas Cars (Pakistan) Limited
HIFA	HBL Invest Fund	HBL Investment Fund
HINO	Hinopak Motor	Hinopak Motors Limited
HINOON	Highnoon (Lab)	Highnoon Laboratories Limited
HIRAT	Hira Textile	Hira Textile Mills Limited
HMB	Habib Metropol.	Habib Metropolitan Bank Limited
HMB-JUL	HMB-JUL	Habib Metropolitan Bank Limited
HMB-JUN	HMB-JUN	Habib Metropolitan Bank Limited
HMB-MAY	HMB-MAY	Habib Metropolitan Bank Limited
HRPL	Habib Rice Prod	Habib Rice Product Limited.
HTL	HI-Tech Lub.	Hi-Tech Lubricants Limited
HUBC	Hub Power Co.	The Hub Power Company Limited
HUBC-JUL	HUBC-JUL	Hub Power Company Limited
HUBC-JUN	HUBC-JUN	Hub Power Company Limited
HUBC-MAY	HUBC-MAY	Hub Power Company Limited
HUBCSC4	Hub Power(SUKUK	Hub Power(SUKUK4)
HUMNL	Hum Network	Hum Network Limited
HUMNL-JUL	HUMNL-JUL	Hum Network Limited
HUMNL-JUNB	HUMNL-JUNB	HUMNL-JUNB
HUMNL-MAYB	HUMNL-MAYB	HUMNL-MAYB
IBLHL	IBL HealthCare	IBL HealthCare Limited
ICI	ICI Pakistan	ICI Pakistan Limited
ICIBL	Invest Bank	Invest Capital Investment Bank Limited
ICL	Ittehad Chem.	Ittehad Chemicals Limted
IDSM	Ideal Spinning	Ideal Spinning Mills Limited
IDYM	Indus Dyeing	Indus Dyeing & Manufacturing Co. Limited
IGIHL	IGI Holdings	IGI Holdings Limited
ILP	Interloop Ltd.	Interloop Limited
IMAGE	Image Pakistan	Image Pakistan Limited
INDU	Indus Motor Co	Indus Motor Company Limited
INIL	Int. Ind.Ltd.	International Industries Limited
INIL-JUL	INIL-JUL	International Industries Limited
INIL-JUN	INIL-JUN	International Industries Limited
INIL-MAY	INIL-MAY	International Industries Limited
ISL	Inter.Steel Ltd	International Steels Limited
ISL-JUL	ISL-JUL	Inter.Steel Ltd.
ISL-JUN	ISL-JUN	Inter.Steel Ltd.
ISL-MAY	ISL-MAY	International Steels Limited
ITTEFAQ	Ittefaq Iron Ind	Ittefaq Iron Industries Limited
JDMT	Janana D Mal	Janana De Malucho Textile Mills Limited
JLICL	Jubile Life Ins	Jubilee Life Insurance Company Limited
JSCL	Jah.Sidd. Co.	Jahangir Siddiqui & Co. Ltd.
JSCLPSA	JahangirSidd(Pref)	Jahangir Sidd(Pref)
JSMFETF	JS Momentum	JS Momentum Factor Exchange Traded Fund
JSML	Jauharabad Sug	Jauharabad Sugar Mills Limited
JUBS	Jubilee Spinning	Jubilee Spinning & Weaving Mills Ltd.
JVDC	Javedan Corp.	Javedan Corporation Limited
KAPCO	Kot Addu Power	Kot Addu Power Company Limited
KAPCO-JUL	KAPCO-JUL	Kot Addu Power
KAPCO-JUN	KAPCO-JUN	Kot Addu Power
KAPCO-MAY	KAPCO-MAY	Kot Addu Power
KASBM	KASB Mod	KASB Modaraba
KCL	Karam Ceramics	Karam Ceramics Limited
KEL	K-Electric Ltd.	K-Electric Limited
KEL-JUL	KEL-JUL	K-Electric Limited
KEL-JUN	KEL-JUN	K-Electric Limited
KEL-MAY	KEL-MAY	K-Electric Limited
KOHC	Kohat Cement	Kohat Cement Company Limited
KOHC-JUL	KOHC-JUL	Kohat Cement Company Limited
KOHC-JUN	KOHC-JUN	Kohat Cement Company Limited
KOHC-MAY	KOHC-MAY	Kohat Cement Company Limited
KOHE	Kohinoor Energy	Kohinoor Energy Limited
KOIL	Kohinoor Ind.	Kohinoor Industries Limited
KOSM	Kohinoor Spining	Kohinoor Spinning Mills Limited
KOSM-JUL	KOSM-JUL	KOSM-JUL
KOSM-JUN	KOSM-JUN	KOSM-JUN
KOSM-MAY	KOSM-MAY	KOSM-MAY
KPUS	Khairpur Sugar	Khairpur Sugar Mills Limited
KTML	Kohinoor Textile	Kohinoor Textile Mills Limited
LOADS	Loads Limited	Loads Limited
LOADS-JUL	LOADS-JUL	Loads Limited
LOADS-JUN	LOADS-JUN	Loads Limited
LOADS-MAY	LOADS-MAY	Loads Limited
LOTCHEM	Lotte Chemical	Lotte Chemical Pakistan Limited
LOTCHEM-JUL	LOTCHEM-JUL	Lotte Pakistan PTA Ltd.
LOTCHEM-JUN	LOTCHEM-JUN	Lotte Chemical Pakistan Ltd.
LOTCHEM-MAY	LOTCHEM-MAY	Lotte Chemical Pakistan Ltd.
LPGL	Leiner Pak Gelat	Leiner Pak Gelatine Limited
LPL	Lalpir Power	Lalpir Power Limited
LUCK	Lucky Cement	Lucky Cement Limited
LUCK-JUL	LUCK-JUL	Lucky Cement Limited
LUCK-JUN	LUCK-JUN	Lucky Cement Limited
LUCK-MAY	LUCK-MAY	Lucky Cement Limited
MACFL	MACPAC Films	MACPAC Films Limited
MARI	Mari Petroleum	Mari Petroleum Company Limited
MCB	MCB Bank Ltd	MCB Bank Limited
MCB-JUL	MCB-JUL	MCB Bank Limited
MCB-JUNB	MCB-JUNB	MCB-JUNB
MCB-MAYB	MCB-MAYB	MCB Bank Limited
MDTL	Media Times Ltd	Media Times Limited
MEBL	Meezan Bank	Meezan Bank Limited
MEBL-JUL	MEBL-JUL	Meezan Bank Limited
MEBL-JUNB	MEBL-JUNB	MEBL-JUNB
MEBL-MAYB	MEBL-MAYB	MEBL-MAYB
MERIT	Merit Packaging	Merit Packaging Limited
MFFL	MithchellsFruit	Mitchells Fruit Farms Limited
MFL	Matco Foods Ltd	Matco Foods Limited
MLCF	Maple Leaf	Maple Leaf Cement Factory Limited
MLCF-JUL	MLCF-JUL	Maple Leaf Cement Factory Limited
MLCF-JUN	MLCF-JUN	Maple Leaf Cement Factory Limited
MLCF-MAY	MLCF-MAY	Maple Leaf Cement Factory Limited
MODAM	Mod.Al-Mali	Modaraba Al-Mali
MQTM	Maqbool Textile	Maqbool Textile Mills Limited
MRNS	Mehran Sugar	Mehran Sugar Mills Limited
MTL	Millat TractorsXB	Millat Tractors Limited
MTL-JUL	MTL-JUL	MTL-JUL
MTL-JUNB	MTL-JUNB	MTL-JUNB
MTL-MAYB	MTL-MAYB	MTL-MAYB
MUGHAL	Mughal Iron	Mughal Iron & Steel Industries Limited
MUGHAL-JUL	MUGHAL-JUL	Mughal Iron & Steel Industries Limited
MUGHAL-JUN	MUGHAL-JUN	Mughal Iron & Steel Industries Limited
MUGHAL-MAY	MUGHAL-MAY	Mughal Iron & Steel Industries Limited
MZNPETF	Meezan PakistanXD	Meezan Pakistan ETF
MZNPETF-JUL	MZNPETF-JUL	MZNPETF-JUL
MZNPETF-JUN	MZNPETF-JUN	MZNPETF-JUN
MZNPETF-MAY	MZNPETF-MAY	MZNPETF-MAY
NAGC	Nagina Cotton	Nagina Cotton Mills Limited
NATF	National Foods	National Foods Limited
NBP	National BankXD	National Bank of Pakistan
NBP-JUL	NBP-JUL	National Bank Of Pakistan Ltd
NBP-JUN	NBP-JUN	National Bank Of Pakistan
NBP-MAYB	NBP-MAYB	NBP-MAYB
NBPGETF-JUL	NBPGETF-JUL	NBPGETF-JUL
NBPGETF-JUN	NBPGETF-JUN	NBPGETF-JUN
NBPGETF-MAY	NBPGETF-MAY	NBPGETF-MAY
NCL	Nishat (Chun.)	Nishat Chunian Limited
NCL-JUL	NCL-JUL	Nishat (Chunian) Limited.
NCL-JUN	NCL-JUN	Nishat (Chunian) Limited.
NCL-MAY	NCL-MAY	Nishat (Chunian) Limited.
NCPL	Nishat ChunPow	Nishat Chunian Power Limited
NESTLE	Nestle Pakistan	Nestle Pakistan Limited
NETSOL	Netsol Tech.	NetSol Technologies Limited
NETSOL-JUL	NETSOL-JUL	Netsol Technologie
NETSOL-JUN	NETSOL-JUN	Netsol Technologie
NETSOL-MAY	NETSOL-MAY	Netsol Technologie
NEXT	Next Capital	Next Capital Limited
NICL	Nimir Ind.Chem.	Nimir Industrial Chemicals Limited
NITGETF-JUL	NITGETF-JUL	NITGETF-JUL
NITGETF-JUN	NITGETF-JUN	NITGETF-JUN
NITGETF-MAY	NITGETF-MAY	NITGETF-MAY
NML	Nishat Mills Ltd	Nishat Mills Limited
NML-JUL	NML-JUL	Nishat Mills Ltd.
NML-JUN	NML-JUN	Nishat Mills Ltd.
NML-MAY	NML-MAY	Nishat Mills Ltd.
NPL	Nishat Power	Nishat Power Limited
NRL	National Refinery	National Refinery Limited
NRL-JUL	NRL-JUL	National Refinery Ltd.
NRL-JUN	NRL-JUN	National Refinery Ltd.
NRL-MAY	NRL-MAY	National Refinery Ltd.
NRSL	Nimir Resins	Nimir Resins Limited
OBOY	Oilboy EnergyXR	Oilboy Engergy Limited
OCTOPUS	Octopus Digital	Octopus Digital Limited
OGDC	Oil & Gas Dev.XD	Oil & Gas Development Company Limited
OGDC-JUL	OGDC-JUL	Oil & Gas Dev.Co
OGDC-JUNB	OGDC-JUNB	OGDC-JUNB
OGDC-MAYB	OGDC-MAYB	OGDC-MAYB
OLPL	OLP FinancialXD	OLP Financial Services Pakistan Limited
OLPM	OLP Modaraba	OLP Modaraba
PABC	Pakistan AluminXD	Pakistan Aluminium Beverage Cans Limited
PABC-JUL	PABC-JUL	PABC-JUL
PABC-JUN	PABC-JUN	PABC-JUN
PABC-MAY	PABC-MAY	PABC-MAY
PACE	Pace (Pak) Ltd.	Pace (Pakistan) Limited
PACE-JUL	PACE-JUL	Pace (Pak) Ltd.
PACE-JUN	PACE-JUN	Pace (Pak) Ltd.
PACE-MAY	PACE-MAY	Pace (Pak) Ltd.
PAEL	Pak Elektron	Pak Elektron Limited
PAEL-JUL	PAEL-JUL	Pak Elektron Ltd.
PAEL-JUN	PAEL-JUN	Pak Elektron Limited
PAEL-MAY	PAEL-MAY	Pak Elektron Limited
PAKD	Pak Datacom	Pak Datacom Limited
PAKMI	Pak Mod.	First Pak Modaraba
PAKOXY	Pak Oxygen Ltd.	Pakistan Oxygen Limited
PAKRI	Pak ReinsuranceXB	Pakistan Reinsurance Company Limited
PASL	Pervez Ahmed Co	Pervez Ahmed Consultancy Services Ltd.
PCAL	Pakistan Cables	Pakistan Cables Limited
PECO	Pak Engineering	Pakistan Engineering Company Limited
PHDL	Pak Hotels	Pakistan Hotels Developers Limited
PIAA	P.I.A.C.(A)	Pakistan International Airlines Corp
PIAA-JUL	PIAA-JUL	Pakistan International Airlines Corp.
PIAA-JUN	PIAA-JUN	Pakistan International Airlines Corp.
PIAA-MAY	PIAA-MAY	Pakistan International Airlines Corp.
PIBTL	Pak Int.Bulk	Pakistan International Bulk Terminal
PIBTL-JUL	PIBTL-JUL	Pakistan International Bulk Terminal Limited
PIBTL-JUN	PIBTL-JUN	Pakistan International Bulk Terminal Limited
PIBTL-MAY	PIBTL-MAY	Pakistan International Bulk Terminal Limited
PICT	Pak.Int.Cont.	Pakistan International Container
PIL	PICIC Ins.Ltd.	PICIC Insurance Limited
PINL	Premier Ins.	Premier Insurance Limited
PIOC	Pioneer Cement	Pioneer Cement Limited
PIOC-JUL	PIOC-JUL	Pioneer Cement Limited
PIOC-JUN	PIOC-JUN	Pioneer Cement Limited
PIOC-MAY	PIOC-MAY	Pioneer Cement Limited
PKGI	Pak Gen.Ins.	The Pakistan General Insurance Co. Ltd.
PKGS	Packages Ltd.	Packages Limited
PMI	Prud Mod.1st	First Prudential Modaraba
PNSC	P.N.S.C	Pakistan National Shipping Corporation
POL	Pak Oilfields	Pakistan Oilfields Limited
POL-JUL	POL-JUL	Pakistan Oilfields Ltd.
POL-JUN	POL-JUN	Pakistan Oilfields Ltd.
POL-MAY	POL-MAY	Pakistan Oilfields Ltd.
POML	Punjab Oil	Punjab Oil Mills Limited
POWER	Power Cement	Power Cement Limited
POWER-JUL	POWER-JUL	Power Cement Limited
POWER-JUN	POWER-JUN	Power Cement Limited
POWER-MAY	POWER-MAY	Power Cement Limited
PPL	Pak Petroleum	Pakistan Petroleum Limited
PPL-JUL	PPL-JUL	Pak Petroleum Ltd.
PPL-JUN	PPL-JUN	Pak Petroleum Ltd.
PPL-MAY	PPL-MAY	Pakistan Petroleum Ltd.
PPP	Pak Paper Prod	Pakistan Paper Products Limited
PREMA	At-Tahur Ltd.	At-Tahur Limited
PRET	Premium Tex.	Premium Textile Mills Limited
PRL	Pak Refinery	Pakistan Refinery Limited
PRL-JUL	PRL-JUL	Pakistan Refinery Limited
PRL-JUN	PRL-JUN	Pakistan Refinery Limited
PRL-MAY	PRL-MAY	Pakistan Refinery Limited
PRWM	Prosperity Weav	Prosperity Weaving Mills Limited
PSMC	Pak Suzuki	Pak Suzuki Motor Company Limited
PSMC-JUL	PSMC-JUL	Pak Suzuki Motor Company Limited
PSMC-JUN	PSMC-JUN	PSMC-JUN
PSMC-MAYB	PSMC-MAYB	PSMC-MAYB
PSO	P.S.O.	Pakistan State Oil Company Limited
PSO-JUL	PSO-JUL	Pakistan State Oil Co. Ltd.
PSO-JUN	PSO-JUN	Pakistan State Oil Co. Ltd.
PSO-MAY	PSO-MAY	Pakistan State Oil Co.
PSX	Pak Stock Exchange	Pakistan Stock Exchange Limited
PTC	P.T.C.L.	Pakistan Telecommunication Company Ltd
PTC-JUL	PTC-JUL	Pakistan Telecommunication Company
PTC-JUN	PTC-JUN	Pakistan Telecommunication
PTC-MAY	PTC-MAY	Pakistan Telecommunication
PTL	Panther Tyres Ltd.	Panther Tyres Ltd.
QUICE	Quice Food	Quice Food Industries Limited
REDCO	Redco Textile	Redco Textiles Limited
REWM	Reliance Weaving	Reliance Weaving Mills Limited
RMPL	Rafhan Maize	Rafhan Maize Products Company Limited
RPL	Roshan Packages	Roshan Packages Limited
RUBY	Ruby Textile	Ruby Textile Mills Limited
RUPL	Rupali Polyester	Rupali Polyester Limited
SAIF	Saif Textile	Saif Textile Mills Limited
SAPL	Sanofi-Aventis	Sanofi-Aventis Pakistan Limited
SAPT	Sapphire Tex.	Sapphire Textile Mills Limited
SAZEW	Sazgar Eng	Sazgar Engineering Works Limited
SBLTFC	Samba Bank Ltd.	Samba Bank Ltd.(TF
SCL	Shield Corp.	Shield Corporation Limited
SEARL	The Searle Co.	The Searle Company Limited
SEARL-JUL	SEARL-JUL	The Searle Company Limited.
SEARL-JUN	SEARL-JUN	The Searle Company Limited
SEARL-MAY	SEARL-MAY	The Searle Company Limited
SEPL	Security Paper	Security Papers Limited
SERT	Service Textile	Service Industries Textiles Limited
SFL	Sapphire Fiber	Sapphire Fibres Limited
SGF	Service Global Foot	Service GlobalFootwear Limited
SGPL	S.G.Power	S.G. Power Limited
SHDT	Shadab Textile	Shadab Textile Mills Limited
SHEL	Shell Pakistan	Shell Pakistan Limited
SHEL-JUL	SHEL-JUL	SHEL-JUL
SHEL-JUN	SHEL-JUN	SHEL-JUN
SHEL-MAY	SHEL-MAY	SHEL-MAY
SHEZ	Shezan Inter.	Shezan International Limited
SHFA	Shifa Int.HospXD	Shifa International Hospitals Limited
SIEM	Siemens Pak.	Siemens (Pakistan) Engineering
SILK	Silk Bank Ltd	Silkbank Limited
SILK-JUL	SILK-JUL	SILK-JUL
SILK-JUN	SILK-JUN	SILK-JUN
SILK-MAY	SILK-MAY	SILK-MAY
SITC	Sitara Chemical	Sitara Chemical Industries Limited
SKRS	Sakrand Sugar	Sakrand Sugar Mills Limited
SMBL	Summit Bank	Summit Bank Limited
SMBL-JUL	SMBL-JUL	SMBL-JUL
SMBL-JUN	SMBL-JUN	SMBL-JUN
SMBL-MAY	SMBL-MAY	SMBL-MAY
SMCPL	Safe Mix Con.Lt	Safe Mix Concrete Limited
SMTM	Samin Textile	Samin Textiles Limited
SNBL	Soneri Bank Ltd	Soneri Bank Limited
SNBLTFC3	Soneri Bank(TFC	Soneri Bank(TFC3)
SNGP	Sui North Gas	Sui Northern Gas Pipelines Limited
SNGP-JUL	SNGP-JUL	Sui Northern Gas Pipelines Ltd.
SNGP-JUN	SNGP-JUN	Sui Northern Gas Pipelines
SNGP-MAY	SNGP-MAY	Sui Northern Gas Ltd.
SPEL	Synthetic Prod	Synthetic Products Enterprises Limited
SPL	Sitara Peroxide	Sitara Peroxide Limited
SPWL	Saif Power Ltd.	Saif Power Limited
SRVI	Service Ind.Ltd	Service Industries Limited
SSGC	Sui South Gas	Sui Southern Gas Company Limited
SSGC-JUL	SSGC-JUL	Sui Southern Gas Co. Ltd.
SSGC-JUN	SSGC-JUN	Sui Southern Gas Co. Ltd.
SSGC-MAY	SSGC-MAY	Sui Southern Gas Co. Ltd.
SSML	Saritow Spinning	Saritow Spinning Mills Limited
SSOM	S.S.Oil	S.S.Oil Mills Limited
STCL	Shabbir Tiles	Shabbir Tiles & Ceramics Limited
STJT	Shahtaj Textile	Shahtaj Textile Limited
STML	Shams Textile	Shams Textile Mills Limited
STPL	Siddiqsons Tin	Siddiqsons Tin Plate Limited
SUTM	Sunrays Textile	Sunrays Textile Mills Limited
SYS	Systems Limited	Systems Limited
SYS-JUL	SYS-JUL	SYS-JUL
SYS-JUN	SYS-JUN	SYS-JUN
SYS-MAYB	SYS-MAYB	SYS-MAYB
TATM	Tata Textile	Tata Textile Mills Limited
TELE	Telecard Limited	Telecard Limited
TELE-JUL	TELE-JUL	Telecard Limited
TELE-JUN	TELE-JUN	Telecard Limited
TELE-MAY	TELE-MAY	Telecard Limited
TGL	Tariq Glass Ind.	Tariq Glass Industries Limited
TGL-JUL	TGL-JUL	TGL-JUL
TGL-JUN	TGL-JUN	TGL-JUN
TGL-MAY	TGL-MAY	TGL-MAY
THALL	Thal Limited	Thal Limited
THALL-JUL	THALL-JUL	THALL-JUL
THALL-JUN	THALL-JUN	THALL-JUN
THALL-MAY	THALL-MAY	THALL-MAY
THCCL	Thatta Cement	Thatta Cement Company Limited
TICL	Thal Ind.Corp.	The Thal Industries Corporation Limited
TOMCL	The Organic Meat	The Organic Meat Company Limited
TPL	TPL Corp Ltd	TPL Corp Limited
TPL-JUL	TPL-JUL	TPL Trakker Limited
TPL-JUN	TPL-JUN	TPL Trakker Limited
TPL-MAY	TPL-MAY	TPL Trakker Limited
TPLI	TPL Insurance	TPL Insurance Limited
TPLP	TPL Properties	TPL Properties Limited
TPLP-JUL	TPLP-JUL	TPLP-JUL
TPLP-JUN	TPLP-JUN	TPLP-JUN
TPLP-MAYB	TPLP-MAYB	TPLP-MAYB
TPLT	TPL Trakker Ltd	TPL Trakker Limited
TREET	Treet Corp	Treet Corporation Limited
TREET-JUL	TREET-JUL	Treet Corporation Limited
TREET-JUN	TREET-JUN	Treet Corporation Limited
TREET-MAY	TREET-MAY	Treet Corporation Limited
TRG	TRG Pak Ltd	TRG Pakistan Limited
TRG-JUL	TRG-JUL	TRG Pakistan
TRG-JUN	TRG-JUN	TRG Pakistan
TRG-MAY	TRG-MAY	TRG Pakistan
TSML	Tandlianwala Sugar	Tandlianwala Sugar Mills Limited
TSPL	Tri-Star Power	Tri-Star Power Limited
UBDL	United Brands	United Brands Limited
UBL	United Bank	United Bank Limited
UBL-JUL	UBL-JUL	United Bank Ltd.
UBL-JUNB	UBL-JUNB	UBL-JUNB
UBL-MAYB	UBL-MAYB	United Bank Ltd.
UBLPETF-JUL	UBLPETF-JUL	UBLPETF-JUL
UBLPETF-JUN	UBLPETF-JUN	UBLPETF-JUN
UBLPETF-MAY	UBLPETF-MAY	UBLPETF-MAY
UNIC	United InsuranceXD	The United Insurance Company
UNITY	Unity Foods Ltd	Unity Foods Limited
UNITY-JUL	UNITY-JUL	Unity Foods Limited
UNITY-JUN	UNITY-JUN	Unity Foods Limited
UNITY-MAY	UNITY-MAY	Unity Foods Limited
WAHN	Wah-Noble	Wah Noble Chemicals Limited
WAVES	Waves Singer	Waves Singer Pakistan Limited
WAVES-JUL	WAVES-JUL	Waves Singer Pakistan Limited
WAVES-JUN	WAVES-JUN	WAVES-JUN
WAVES-MAY	WAVES-MAY	WAVES-MAY
WTL	WorldCall Telecom	Worldcall Telecom Limited
WTL-JUL	WTL-JUL	WorldCall Comm. Ltd
WTL-JUN	WTL-JUN	WorldCall Comm. Ltd
WTL-MAY	WTL-MAY	WorldCall Telecom
YOUW	Yousuf Weaving	Yousaf Weaving Mills Limited
YOUW-JUL	YOUW-JUL	YOUW-JUL
YOUW-JUN	YOUW-JUN	YOUW-JUN
YOUW-MAY	YOUW-MAY	YOUW-MAY
ZAHID	ZahidJee Tex.	Zahidjee Textile Mills Limited
ZTL	Zephyr Textile	Zephyr Textiles Limited
